timeStamp,elapsed,label,responseCode,responseMessage,threadName,dataType,success,failureMessage,bytes,sentBytes,grpThreads,allThreads,URL,Latency,IdleTime,Connect
1667103554613,1550,Request1,200,OK,Thread Group 1-2,text,true,,18214,234,10,10,https://www.google.com/,679,0,255
1667103554613,679,Request1-0,301,Moved Permanently,Thread Group 1-2,text,true,,703,115,10,10,https://google.com/,679,0,255
1667103555292,871,Request1-1,200,OK,Thread Group 1-2,text,true,,17511,119,10,10,https://www.google.com/,812,0,257
1667103554517,1647,Request1,200,OK,Thread Group 1-1,text,true,,18192,234,10,10,https://www.google.com/,685,0,258
1667103554517,685,Request1-0,301,Moved Permanently,Thread Group 1-1,text,true,,703,115,10,10,https://google.com/,685,0,258
1667103555202,962,Request1-1,200,OK,Thread Group 1-1,text,true,,17489,119,10,10,https://www.google.com/,882,0,274
1667103554814,1520,Request1,200,OK,Thread Group 1-4,text,true,,18137,234,10,10,https://www.google.com/,666,0,254
1667103554814,666,Request1-0,301,Moved Permanently,Thread Group 1-4,text,true,,703,115,10,10,https://google.com/,666,0,254
1667103555480,854,Request1-1,200,OK,Thread Group 1-4,text,true,,17434,119,10,10,https://www.google.com/,835,0,288
1667103554916,1618,Request1,200,OK,Thread Group 1-5,text,true,,18212,234,10,10,https://www.google.com/,714,0,282
1667103554916,714,Request1-0,301,Moved Permanently,Thread Group 1-5,text,true,,703,115,10,10,https://google.com/,714,0,282
1667103555631,903,Request1-1,200,OK,Thread Group 1-5,text,true,,17509,119,10,10,https://www.google.com/,858,0,246
1667103555015,1663,Request1,200,OK,Thread Group 1-6,text,true,,18214,234,10,10,https://www.google.com/,752,0,274
1667103555015,752,Request1-0,301,Moved Permanently,Thread Group 1-6,text,true,,703,115,10,10,https://google.com/,752,0,274
1667103555768,910,Request1-1,200,OK,Thread Group 1-6,text,true,,17511,119,10,10,https://www.google.com/,868,0,252
1667103555216,1580,Request1,200,OK,Thread Group 1-8,text,true,,18197,234,10,10,https://www.google.com/,693,0,260
1667103555216,694,Request1-0,301,Moved Permanently,Thread Group 1-8,text,true,,703,115,10,10,https://google.com/,693,0,260
1667103555910,886,Request1-1,200,OK,Thread Group 1-8,text,true,,17494,119,10,10,https://www.google.com/,822,0,254
1667103555114,1700,Request1,200,OK,Thread Group 1-7,text,true,,18262,234,10,10,https://www.google.com/,720,0,283
1667103555114,720,Request1-0,301,Moved Permanently,Thread Group 1-7,text,true,,703,115,10,10,https://google.com/,720,0,283
1667103555834,980,Request1-1,200,OK,Thread Group 1-7,text,true,,17559,119,10,10,https://www.google.com/,936,0,329
1667103555316,1634,Request1,200,OK,Thread Group 1-9,text,true,,18241,234,10,10,https://www.google.com/,732,0,287
1667103555316,732,Request1-0,301,Moved Permanently,Thread Group 1-9,text,true,,703,115,10,10,https://google.com/,732,0,287
1667103556048,902,Request1-1,200,OK,Thread Group 1-9,text,true,,17538,119,10,10,https://www.google.com/,843,0,267
1667103555415,1659,Request1,200,OK,Thread Group 1-10,text,true,,18152,234,10,10,https://www.google.com/,748,0,262
1667103555415,748,Request1-0,301,Moved Permanently,Thread Group 1-10,text,true,,703,115,10,10,https://google.com/,748,0,262
1667103556164,910,Request1-1,200,OK,Thread Group 1-10,text,true,,17449,119,10,10,https://www.google.com/,868,0,274
1667103554714,2441,Request1,200,OK,Thread Group 1-3,text,true,,18186,234,10,10,https://www.google.com/,1530,0,276
1667103554714,1530,Request1-0,301,Moved Permanently,Thread Group 1-3,text,true,,703,115,10,10,https://google.com/,1530,0,276
1667103556245,910,Request1-1,200,OK,Thread Group 1-3,text,true,,17483,119,10,10,https://www.google.com/,878,0,324
1667103556165,1510,Request1,200,OK,Thread Group 1-1,text,true,,18177,234,10,10,https://www.google.com/,891,0,0
1667103556165,891,Request1-0,301,Moved Permanently,Thread Group 1-1,text,true,,703,115,10,10,https://google.com/,891,0,0
1667103557056,619,Request1-1,200,OK,Thread Group 1-1,text,true,,17474,119,10,10,https://www.google.com/,588,0,0
1667103556678,1060,Request1,200,OK,Thread Group 1-6,text,true,,18230,234,10,10,https://www.google.com/,453,0,0
1667103556678,453,Request1-0,301,Moved Permanently,Thread Group 1-6,text,true,,703,115,10,10,https://google.com/,453,0,0
1667103557131,607,Request1-1,200,OK,Thread Group 1-6,text,true,,17527,119,10,10,https://www.google.com/,587,0,0
1667103556814,1068,Request1,200,OK,Thread Group 1-7,text,true,,18205,234,10,10,https://www.google.com/,437,0,0
1667103556814,437,Request1-0,301,Moved Permanently,Thread Group 1-7,text,true,,703,115,10,10,https://google.com/,437,0,0
1667103557251,631,Request1-1,200,OK,Thread Group 1-7,text,true,,17502,119,10,10,https://www.google.com/,604,0,0
1667103556164,1810,Request1,200,OK,Thread Group 1-2,text,true,,18272,234,10,10,https://www.google.com/,443,0,0
1667103556164,443,Request1-0,301,Moved Permanently,Thread Group 1-2,text,true,,703,115,10,10,https://google.com/,443,0,0
1667103556607,1367,Request1-1,200,OK,Thread Group 1-2,text,true,,17569,119,10,10,https://www.google.com/,1348,0,0
1667103556535,1593,Request1,200,OK,Thread Group 1-5,text,true,,18243,234,10,10,https://www.google.com/,962,0,0
1667103556535,962,Request1-0,301,Moved Permanently,Thread Group 1-5,text,true,,703,115,10,10,https://google.com/,962,0,0
1667103557497,631,Request1-1,200,OK,Thread Group 1-5,text,true,,17540,119,10,10,https://www.google.com/,593,0,0
1667103556334,1869,Request1,200,OK,Thread Group 1-4,text,true,,18219,234,10,10,https://www.google.com/,430,0,0
1667103556334,430,Request1-0,301,Moved Permanently,Thread Group 1-4,text,true,,703,115,10,10,https://google.com/,430,0,0
1667103556764,1439,Request1-1,200,OK,Thread Group 1-4,text,true,,17516,119,10,10,https://www.google.com/,1425,0,0
1667103556951,1798,Request1,200,OK,Thread Group 1-9,text,true,,18205,234,10,10,https://www.google.com/,807,0,0
1667103556951,807,Request1-0,301,Moved Permanently,Thread Group 1-9,text,true,,703,115,10,10,https://google.com/,807,0,0
1667103557758,991,Request1-1,200,OK,Thread Group 1-9,text,true,,17502,119,10,10,https://www.google.com/,969,0,0
1667103557738,1106,Request1,200,OK,Thread Group 1-6,text,true,,18198,234,10,10,https://www.google.com/,518,0,0
1667103557738,518,Request1-0,301,Moved Permanently,Thread Group 1-6,text,true,,703,115,10,10,https://google.com/,518,0,0
1667103558256,588,Request1-1,200,OK,Thread Group 1-6,text,true,,17495,119,10,10,https://www.google.com/,582,0,0
1667103557075,1807,Request1,200,OK,Thread Group 1-10,text,true,,18147,234,10,10,https://www.google.com/,817,0,0
1667103557075,817,Request1-0,301,Moved Permanently,Thread Group 1-10,text,true,,703,115,10,10,https://google.com/,817,0,0
1667103557892,990,Request1-1,200,OK,Thread Group 1-10,text,true,,17444,119,10,10,https://www.google.com/,959,0,0
1667103557882,1048,Request1,200,OK,Thread Group 1-7,text,true,,18196,234,10,10,https://www.google.com/,429,0,0
1667103557882,429,Request1-0,301,Moved Permanently,Thread Group 1-7,text,true,,703,115,10,10,https://google.com/,429,0,0
1667103558311,619,Request1-1,200,OK,Thread Group 1-7,text,true,,17493,119,10,10,https://www.google.com/,606,0,0
1667103556797,2152,Request1,200,OK,Thread Group 1-8,text,true,,18204,234,10,10,https://www.google.com/,961,0,0
1667103556797,961,Request1-0,301,Moved Permanently,Thread Group 1-8,text,true,,703,115,10,10,https://google.com/,961,0,0
1667103557758,1191,Request1-1,200,OK,Thread Group 1-8,text,true,,17501,119,10,10,https://www.google.com/,837,0,0
1667103557156,1839,Request1,200,OK,Thread Group 1-3,text,true,,18216,234,10,10,https://www.google.com/,456,0,0
1667103557156,456,Request1-0,301,Moved Permanently,Thread Group 1-3,text,true,,703,115,10,10,https://google.com/,456,0,0
1667103557612,1383,Request1-1,200,OK,Thread Group 1-3,text,true,,17513,119,10,10,https://www.google.com/,1337,0,0
1667103557975,1114,Request1,200,OK,Thread Group 1-2,text,true,,18203,234,10,10,https://www.google.com/,440,0,0
1667103557975,440,Request1-0,301,Moved Permanently,Thread Group 1-2,text,true,,703,115,10,10,https://google.com/,440,0,0
1667103558415,674,Request1-1,200,OK,Thread Group 1-2,text,true,,17500,119,10,10,https://www.google.com/,638,0,0
1667103557676,1452,Request1,200,OK,Thread Group 1-1,text,true,,18188,234,10,10,https://www.google.com/,766,0,0
1667103557676,766,Request1-0,301,Moved Permanently,Thread Group 1-1,text,true,,703,115,10,10,https://google.com/,766,0,0
1667103558442,686,Request1-1,200,OK,Thread Group 1-1,text,true,,17485,119,10,10,https://www.google.com/,685,0,0
1667103558204,1011,Request1,200,OK,Thread Group 1-4,text,true,,18173,234,10,10,https://www.google.com/,450,0,0
1667103558204,450,Request1-0,301,Moved Permanently,Thread Group 1-4,text,true,,703,115,10,10,https://google.com/,450,0,0
1667103558654,561,Request1-1,200,OK,Thread Group 1-4,text,true,,17470,119,10,10,https://www.google.com/,541,0,0
1667103558128,1425,Request1,200,OK,Thread Group 1-5,text,true,,18135,234,10,10,https://www.google.com/,663,0,0
1667103558128,663,Request1-0,301,Moved Permanently,Thread Group 1-5,text,true,,703,115,10,10,https://google.com/,663,0,0
1667103558791,762,Request1-1,200,OK,Thread Group 1-5,text,true,,17432,119,10,10,https://www.google.com/,760,0,0
1667103558845,1069,Request1,200,OK,Thread Group 1-6,text,true,,18168,234,10,10,https://www.google.com/,440,0,0
1667103558845,440,Request1-0,301,Moved Permanently,Thread Group 1-6,text,true,,703,115,10,10,https://google.com/,440,0,0
1667103559285,629,Request1-1,200,OK,Thread Group 1-6,text,true,,17465,119,10,10,https://www.google.com/,591,0,0
1667103558931,1064,Request1,200,OK,Thread Group 1-7,text,true,,18114,234,10,10,https://www.google.com/,440,0,0
1667103558931,440,Request1-0,301,Moved Permanently,Thread Group 1-7,text,true,,703,115,10,10,https://google.com/,440,0,0
1667103559371,624,Request1-1,200,OK,Thread Group 1-7,text,true,,17411,119,10,10,https://www.google.com/,592,0,0
1667103558995,1167,Request1,200,OK,Thread Group 1-3,text,true,,18176,234,10,10,https://www.google.com/,562,0,0
1667103558995,562,Request1-0,301,Moved Permanently,Thread Group 1-3,text,true,,703,115,10,10,https://google.com/,562,0,0
1667103559557,605,Request1-1,200,OK,Thread Group 1-3,text,true,,17473,119,10,10,https://www.google.com/,579,0,0
1667103558949,1304,Request1,200,OK,Thread Group 1-8,text,true,,18168,234,10,10,https://www.google.com/,422,0,0
1667103558949,422,Request1-0,301,Moved Permanently,Thread Group 1-8,text,true,,703,115,10,10,https://google.com/,422,0,0
1667103559371,882,Request1-1,200,OK,Thread Group 1-8,text,true,,17465,119,10,10,https://www.google.com/,849,0,0
1667103558749,1531,Request1,200,OK,Thread Group 1-9,text,true,,18219,234,10,10,https://www.google.com/,422,0,0
1667103558749,422,Request1-0,301,Moved Permanently,Thread Group 1-9,text,true,,703,115,10,10,https://google.com/,422,0,0
1667103559171,1109,Request1-1,200,OK,Thread Group 1-9,text,true,,17516,119,10,10,https://www.google.com/,1079,0,0
1667103558883,1456,Request1,200,OK,Thread Group 1-10,text,true,,18175,234,10,10,https://www.google.com/,709,0,0
1667103558883,709,Request1-0,301,Moved Permanently,Thread Group 1-10,text,true,,703,115,10,10,https://google.com/,709,0,0
1667103559592,747,Request1-1,200,OK,Thread Group 1-10,text,true,,17472,119,10,10,https://www.google.com/,730,0,0
1667103559128,1428,Request1,200,OK,Thread Group 1-1,text,true,,18137,234,10,10,https://www.google.com/,444,0,0
1667103559128,444,Request1-0,301,Moved Permanently,Thread Group 1-1,text,true,,703,115,10,10,https://google.com/,444,0,0
1667103559572,984,Request1-1,200,OK,Thread Group 1-1,text,true,,17434,119,10,10,https://www.google.com/,964,0,0
1667103559089,1832,Request1,200,OK,Thread Group 1-2,text,true,,18177,234,10,10,https://www.google.com/,466,0,0
1667103559089,466,Request1-0,301,Moved Permanently,Thread Group 1-2,text,true,,703,115,10,10,https://google.com/,466,0,0
1667103559555,1366,Request1-1,200,OK,Thread Group 1-2,text,true,,17474,119,10,10,https://www.google.com/,1354,0,0
1667103559554,1476,Request1,200,OK,Thread Group 1-5,text,true,,18177,234,10,10,https://www.google.com/,853,0,0
1667103559554,853,Request1-0,301,Moved Permanently,Thread Group 1-5,text,true,,703,115,10,10,https://google.com/,853,0,0
1667103560407,623,Request1-1,200,OK,Thread Group 1-5,text,true,,17474,119,10,10,https://www.google.com/,601,0,0
1667103559215,1845,Request1,200,OK,Thread Group 1-4,text,true,,18186,234,10,10,https://www.google.com/,543,0,0
1667103559215,543,Request1-0,301,Moved Permanently,Thread Group 1-4,text,true,,703,115,10,10,https://google.com/,543,0,0
1667103559758,1302,Request1-1,200,OK,Thread Group 1-4,text,true,,17483,119,10,10,https://www.google.com/,1277,0,0
1667103559995,1105,Request1,200,OK,Thread Group 1-7,text,true,,18159,234,10,10,https://www.google.com/,440,0,0
1667103559995,440,Request1-0,301,Moved Permanently,Thread Group 1-7,text,true,,703,115,10,10,https://google.com/,440,0,0
1667103560435,665,Request1-1,200,OK,Thread Group 1-7,text,true,,17456,119,10,10,https://www.google.com/,625,0,0
1667103559914,1374,Request1,200,OK,Thread Group 1-6,text,true,,18155,234,10,10,https://www.google.com/,835,0,0
1667103559914,835,Request1-0,301,Moved Permanently,Thread Group 1-6,text,true,,703,115,10,10,https://google.com/,835,0,0
1667103560749,539,Request1-1,200,OK,Thread Group 1-6,text,true,,17452,119,10,10,https://www.google.com/,503,0,0
1667103560557,1045,Request1,200,OK,Thread Group 1-1,text,true,,18203,234,10,10,https://www.google.com/,445,0,0
1667103560557,445,Request1-0,301,Moved Permanently,Thread Group 1-1,text,true,,703,115,10,10,https://google.com/,445,0,0
1667103561002,600,Request1-1,200,OK,Thread Group 1-1,text,true,,17500,119,10,10,https://www.google.com/,578,0,0
1667103560280,1361,Request1,200,OK,Thread Group 1-9,text,true,,18214,234,10,10,https://www.google.com/,436,0,0
1667103560280,436,Request1-0,301,Moved Permanently,Thread Group 1-9,text,true,,703,115,10,10,https://google.com/,436,0,0
1667103560716,925,Request1-1,200,OK,Thread Group 1-9,text,true,,17511,119,10,10,https://www.google.com/,886,0,0
1667103560254,1536,Request1,200,OK,Thread Group 1-8,text,true,,18175,234,10,10,https://www.google.com/,957,0,0
1667103560254,957,Request1-0,301,Moved Permanently,Thread Group 1-8,text,true,,703,115,10,10,https://google.com/,957,0,0
1667103561212,578,Request1-1,200,OK,Thread Group 1-8,text,true,,17472,119,10,10,https://www.google.com/,547,0,0
1667103560162,1857,Request1,200,OK,Thread Group 1-3,text,true,,18238,234,10,10,https://www.google.com/,460,0,0
1667103560162,460,Request1-0,301,Moved Permanently,Thread Group 1-3,text,true,,703,115,10,10,https://google.com/,460,0,0
1667103560622,1397,Request1-1,200,OK,Thread Group 1-3,text,true,,17535,119,10,10,https://www.google.com/,1352,0,0
1667103560339,1689,Request1,200,OK,Thread Group 1-10,text,true,,18191,234,10,10,https://www.google.com/,451,0,0
1667103560339,451,Request1-0,301,Moved Permanently,Thread Group 1-10,text,true,,703,115,10,10,https://google.com/,451,0,0
1667103560790,1238,Request1-1,200,OK,Thread Group 1-10,text,true,,17488,119,10,10,https://www.google.com/,1206,0,0
1667103560922,1115,Request1,200,OK,Thread Group 1-2,text,true,,18225,234,10,10,https://www.google.com/,453,0,0
1667103560922,453,Request1-0,301,Moved Permanently,Thread Group 1-2,text,true,,703,115,10,10,https://google.com/,453,0,0
1667103561375,662,Request1-1,200,OK,Thread Group 1-2,text,true,,17522,119,10,10,https://www.google.com/,622,0,0
1667103561060,1070,Request1,200,OK,Thread Group 1-4,text,true,,18173,234,10,10,https://www.google.com/,439,0,0
1667103561060,439,Request1-0,301,Moved Permanently,Thread Group 1-4,text,true,,703,115,10,10,https://google.com/,439,0,0
1667103561499,631,Request1-1,200,OK,Thread Group 1-4,text,true,,17470,119,10,10,https://www.google.com/,609,0,0
1667103561101,1061,Request1,200,OK,Thread Group 1-7,text,true,,18217,234,10,10,https://www.google.com/,436,0,0
1667103561101,436,Request1-0,301,Moved Permanently,Thread Group 1-7,text,true,,703,115,10,10,https://google.com/,436,0,0
1667103561537,625,Request1-1,200,OK,Thread Group 1-7,text,true,,17514,119,10,10,https://www.google.com/,600,0,0
1667103561288,1075,Request1,200,OK,Thread Group 1-6,text,true,,18167,234,10,10,https://www.google.com/,431,0,0
1667103561288,431,Request1-0,301,Moved Permanently,Thread Group 1-6,text,true,,703,115,10,10,https://google.com/,431,0,0
1667103561719,644,Request1-1,200,OK,Thread Group 1-6,text,true,,17464,119,10,10,https://www.google.com/,614,0,0
1667103561030,1412,Request1,200,OK,Thread Group 1-5,text,true,,18203,234,10,10,https://www.google.com/,798,0,0
1667103561030,799,Request1-0,301,Moved Permanently,Thread Group 1-5,text,true,,703,115,10,10,https://google.com/,798,0,0
1667103561830,612,Request1-1,200,OK,Thread Group 1-5,text,true,,17500,119,10,10,https://www.google.com/,599,0,0
1667103561641,1480,Request1,200,OK,Thread Group 1-9,text,true,,18185,234,10,10,https://www.google.com/,447,0,0
1667103561641,447,Request1-0,301,Moved Permanently,Thread Group 1-9,text,true,,703,115,10,10,https://google.com/,447,0,0
1667103562088,1033,Request1-1,200,OK,Thread Group 1-9,text,true,,17482,119,10,10,https://www.google.com/,1003,0,0
1667103562029,1220,Request1,200,OK,Thread Group 1-10,text,true,,18194,234,10,10,https://www.google.com/,572,0,0
1667103562029,572,Request1-0,301,Moved Permanently,Thread Group 1-10,text,true,,703,115,10,10,https://google.com/,572,0,0
1667103562601,648,Request1-1,200,OK,Thread Group 1-10,text,true,,17491,119,10,10,https://www.google.com/,611,0,0
1667103562162,1088,Request1,200,OK,Thread Group 1-7,text,true,,18207,234,10,10,https://www.google.com/,446,0,0
1667103562162,446,Request1-0,301,Moved Permanently,Thread Group 1-7,text,true,,703,115,10,10,https://google.com/,446,0,0
1667103562608,642,Request1-1,200,OK,Thread Group 1-7,text,true,,17504,119,10,10,https://www.google.com/,620,0,0
1667103561603,1842,Request1,200,OK,Thread Group 1-1,text,true,,18237,234,10,10,https://www.google.com/,1211,0,0
1667103561603,1211,Request1-0,301,Moved Permanently,Thread Group 1-1,text,true,,703,115,10,10,https://google.com/,1211,0,0
1667103562814,631,Request1-1,200,OK,Thread Group 1-1,text,true,,17534,119,10,10,https://www.google.com/,623,0,0
1667103561790,1806,Request1,200,OK,Thread Group 1-8,text,true,,18140,234,10,10,https://www.google.com/,1176,0,0
1667103561790,1176,Request1-0,301,Moved Permanently,Thread Group 1-8,text,true,,703,115,10,10,https://google.com/,1176,0,0
1667103562966,630,Request1-1,200,OK,Thread Group 1-8,text,true,,17437,119,10,10,https://www.google.com/,596,0,0
1667103562364,1434,Request1,200,OK,Thread Group 1-6,text,true,,18221,234,10,10,https://www.google.com/,806,0,0
1667103562364,806,Request1-0,301,Moved Permanently,Thread Group 1-6,text,true,,703,115,10,10,https://google.com/,806,0,0
1667103563170,628,Request1-1,200,OK,Thread Group 1-6,text,true,,17518,119,10,10,https://www.google.com/,607,0,0
1667103562038,1778,Request1,200,OK,Thread Group 1-2,text,true,,18219,234,10,10,https://www.google.com/,415,0,0
1667103562038,415,Request1-0,301,Moved Permanently,Thread Group 1-2,text,true,,703,115,10,10,https://google.com/,415,0,0
1667103562453,1363,Request1-1,200,OK,Thread Group 1-2,text,true,,17516,119,10,10,https://www.google.com/,1344,0,0
1667103562443,1439,Request1,200,OK,Thread Group 1-5,text,true,,18164,234,10,10,https://www.google.com/,830,0,0
1667103562443,830,Request1-0,301,Moved Permanently,Thread Group 1-5,text,true,,703,115,10,10,https://google.com/,830,0,0
1667103563274,608,Request1-1,200,OK,Thread Group 1-5,text,true,,17461,119,10,10,https://www.google.com/,580,0,0
1667103562131,1781,Request1,200,OK,Thread Group 1-4,text,true,,18180,234,10,10,https://www.google.com/,431,0,0
1667103562131,431,Request1-0,301,Moved Permanently,Thread Group 1-4,text,true,,703,115,10,10,https://google.com/,431,0,0
1667103562562,1350,Request1-1,200,OK,Thread Group 1-4,text,true,,17477,119,10,10,https://www.google.com/,1320,0,0
1667103562020,2022,Request1,200,OK,Thread Group 1-3,text,true,,18196,234,10,10,https://www.google.com/,455,0,0
1667103562020,455,Request1-0,301,Moved Permanently,Thread Group 1-3,text,true,,703,115,10,10,https://google.com/,455,0,0
1667103562476,1566,Request1-1,200,OK,Thread Group 1-3,text,true,,17493,119,10,10,https://www.google.com/,1553,0,0
1667103563250,1071,Request1,200,OK,Thread Group 1-7,text,true,,18204,234,10,10,https://www.google.com/,444,0,0
1667103563250,444,Request1-0,301,Moved Permanently,Thread Group 1-7,text,true,,703,115,10,10,https://google.com/,444,0,0
1667103563694,627,Request1-1,200,OK,Thread Group 1-7,text,true,,17501,119,10,10,https://www.google.com/,607,0,0
1667103563121,1394,Request1,200,OK,Thread Group 1-9,text,true,,18224,234,10,10,https://www.google.com/,797,0,0
1667103563121,797,Request1-0,301,Moved Permanently,Thread Group 1-9,text,true,,703,115,10,10,https://google.com/,797,0,0
1667103563918,597,Request1-1,200,OK,Thread Group 1-9,text,true,,17521,119,10,10,https://www.google.com/,576,0,0
1667103563817,1071,Request1,200,OK,Thread Group 1-2,text,true,,18184,234,9,9,https://www.google.com/,439,0,0
1667103563817,439,Request1-0,301,Moved Permanently,Thread Group 1-2,text,true,,703,115,9,9,https://google.com/,439,0,0
1667103564256,632,Request1-1,200,OK,Thread Group 1-2,text,true,,17481,119,9,9,https://www.google.com/,612,0,0
1667103563445,1475,Request1,200,OK,Thread Group 1-1,text,true,,18230,234,8,8,https://www.google.com/,457,0,0
1667103563445,457,Request1-0,301,Moved Permanently,Thread Group 1-1,text,true,,703,115,8,8,https://google.com/,457,0,0
1667103563902,1018,Request1-1,200,OK,Thread Group 1-1,text,true,,17527,119,8,8,https://www.google.com/,985,0,0
1667103563894,1067,Request1,200,OK,Thread Group 1-5,text,true,,18159,234,7,7,https://www.google.com/,432,0,0
1667103563894,432,Request1-0,301,Moved Permanently,Thread Group 1-5,text,true,,703,115,7,7,https://google.com/,432,0,0
1667103564326,635,Request1-1,200,OK,Thread Group 1-5,text,true,,17456,119,7,7,https://www.google.com/,607,0,0
1667103563913,1077,Request1,200,OK,Thread Group 1-4,text,true,,18161,234,6,6,https://www.google.com/,450,0,0
1667103563913,450,Request1-0,301,Moved Permanently,Thread Group 1-4,text,true,,703,115,6,6,https://google.com/,450,0,0
1667103564363,627,Request1-1,200,OK,Thread Group 1-4,text,true,,17458,119,6,6,https://www.google.com/,598,0,0
1667103563799,1294,Request1,200,OK,Thread Group 1-6,text,true,,18205,234,5,5,https://www.google.com/,452,0,0
1667103563799,452,Request1-0,301,Moved Permanently,Thread Group 1-6,text,true,,703,115,5,5,https://google.com/,452,0,0
1667103564251,842,Request1-1,200,OK,Thread Group 1-6,text,true,,17502,119,5,5,https://www.google.com/,750,0,0
1667103564042,1107,Request1,200,OK,Thread Group 1-3,text,true,,18195,234,4,4,https://www.google.com/,446,0,0
1667103564042,446,Request1-0,301,Moved Permanently,Thread Group 1-3,text,true,,703,115,4,4,https://google.com/,446,0,0
1667103564488,661,Request1-1,200,OK,Thread Group 1-3,text,true,,17492,119,4,4,https://www.google.com/,622,0,0
1667103563249,1924,Request1,200,OK,Thread Group 1-10,text,true,,18179,234,3,3,https://www.google.com/,1287,0,0
1667103563249,1288,Request1-0,301,Moved Permanently,Thread Group 1-10,text,true,,703,115,3,3,https://google.com/,1287,0,0
1667103564537,636,Request1-1,200,OK,Thread Group 1-10,text,true,,17476,119,3,3,https://www.google.com/,602,0,0
1667103564322,1084,Request1,200,OK,Thread Group 1-7,text,true,,18178,234,2,2,https://www.google.com/,453,0,0
1667103564322,453,Request1-0,301,Moved Permanently,Thread Group 1-7,text,true,,703,115,2,2,https://google.com/,453,0,0
1667103564775,631,Request1-1,200,OK,Thread Group 1-7,text,true,,17475,119,2,2,https://www.google.com/,598,0,0
1667103563597,2440,Request1,200,OK,Thread Group 1-8,text,true,,18220,234,1,1,https://www.google.com/,1856,0,0
1667103563597,1856,Request1-0,301,Moved Permanently,Thread Group 1-8,text,true,,703,115,1,1,https://google.com/,1856,0,0
1667103565453,584,Request1-1,200,OK,Thread Group 1-8,text,true,,17517,119,1,1,https://www.google.com/,559,0,0
